,Kp,Kd,Ki
DOF,1.5045525911624259e-07,1.2865984613071023e-08,0.7684567103020998
Total Mass,4.801256862706688e-13,1.9478008299055318e-14,0.6586501644940431
Avg Link Mass,2.3243350514773916e-19,1.8989985286591626e-22,0.5730557196129344
Total Inertia,6.843246055039459e-18,9.969729946069399e-21,0.5997342243170235
Max Reach,1.323983016168488e-22,3.5244035204378173e-25,0.41968127265638183
Payload Mass,,,
