{
  "Franka Panda": {
    "pure": {
      "overall_mae": 28.66644131560768,
      "overall_rmse": 29.32445773480734,
      "overall_max": 48.485148365864305,
      "per_joint_mean": [
        2.5728262609653614,
        12.359868778418424,
        4.102381779888638,
        6.784304700412604,
        5.406257345652236,
        4.313509294649061,
        11.450456227845951,
        10.225787528586139,
        10.362632905808514
      ],
      "per_joint_std": [
        2.6860495713856407,
        7.660018182439764,
        3.293968097301421,
        6.454898624735072,
        4.359881271522372,
        4.202438654833821,
        5.877743103879553,
        5.3067329739643,
        5.385059564071817
      ],
      "n_joints": 9
    },
    "rl": {
      "overall_mae": 24.876019101426365,
      "overall_rmse": 25.453731524593405,
      "overall_max": 42.117743086544046,
      "per_joint_mean": [
        2.258139366227113,
        2.420052894035107,
        3.8705818351725334,
        6.4931753369476475,
        5.31911511865318,
        4.1908299553320765,
        11.263193452233777,
        10.19214828099115,
        10.332662377280208
      ],
      "per_joint_std": [
        2.3121727429410717,
        3.572198787418017,
        3.099131978270192,
        6.538992373077638,
        4.079420676114619,
        4.286002725622321,
        5.825086476806696,
        5.293112454361076,
        5.3855873732813375
      ],
      "n_joints": 9
    }
  },
  "Laikago": {
    "pure": {
      "overall_mae": 28.888789313038764,
      "overall_rmse": 29.697697266002383,
      "overall_max": 53.092877400717946,
      "per_joint_mean": [
        1.3830417713563243,
        6.164826626638745,
        10.449783281546067,
        1.361691345773497,
        5.698985876222252,
        10.54281084641079,
        1.3626943390508324,
        5.349486958808589,
        10.442946668798179,
        1.3490580119480764,
        6.412266408819497,
        10.441638992082648
      ],
      "per_joint_std": [
        1.207303238155378,
        4.824878088628923,
        6.904789605780746,
        1.3038091983309192,
        4.283998409949236,
        7.058030136018934,
        1.2307574886054322,
        4.000803819682082,
        6.922402632473691,
        1.251482368684231,
        6.004272780427762,
        7.107740809430527
      ],
      "n_joints": 12
    },
    "rl": {
      "overall_mae": 28.560523911372478,
      "overall_rmse": 29.289964904933335,
      "overall_max": 50.440270271244906,
      "per_joint_mean": [
        1.5162687650328077,
        5.959722950544173,
        10.340423110765494,
        1.453667831604341,
        5.957059761949738,
        10.328282550203037,
        1.4051056452257518,
        5.861199680584023,
        10.360977051896272,
        1.4397878655840635,
        5.917390959589432,
        10.394147400982028
      ],
      "per_joint_std": [
        1.3497931246023456,
        4.779668965336224,
        6.792435137636802,
        1.483948372698769,
        4.788739532007816,
        6.818781880308624,
        1.23954071052534,
        4.6304255474373,
        6.915179432207707,
        1.2766598956457458,
        4.44846361994105,
        6.740370518219057
      ],
      "n_joints": 12
    }
  }
}